,LinearRegression(),RandomForestRegressor(),Lasso(),Ridge(),"XGBRegressor(base_score=None, booster=None, callbacks=None,
             colsample_bylevel=None, colsample_bynode=None,
             colsample_bytree=None, device=None, early_stopping_rounds=None,
             enable_categorical=True, eval_metric=None, feature_types=None,
             feature_weights=None, gamma=None, grow_policy=None,
             importance_type=None, interaction_constraints=None,
             learning_rate=None, max_bin=None, max_cat_threshold=None,
             max_cat_to_onehot=None, max_delta_step=None, max_depth=None,
             max_leaves=None, min_child_weight=None, missing=nan,
             monotone_constraints=None, multi_strategy=None, n_estimators=None,
             n_jobs=None, num_parallel_tree=None, ...)",GradientBoostingRegressor(),BaggingRegressor()
r_score,-0.00027823615361977083,-0.00019621055997531833,-0.00027823615361977083,-0.00027823615361977083,-0.00027823319518316403,-0.00027823615361977083,-0.0006195700617861455
mse,1.4016443391846707,1.4015294004557806,1.4016443391846707,1.4016443391846707,1.4016443350391485,1.4016443391846707,1.402122634845679
rmse,1.1839106128355599,1.1838620698610884,1.1839106128355599,1.1839106128355599,1.1839106110847848,1.1839106128355599,1.184112593821077
